{
  "viewport": {
    "width": 390,
    "height": 664
  },
  "inputStyle": {
    "minHeight": "52px",
    "paddingLeft": "14px",
    "paddingRight": "4px",
    "paddingTop": "15.2px",
    "paddingBottom": "15.2px",
    "lineHeight": "24px",
    "fontSize": "16px"
  },
  "shellRect": {
    "x": 24.796875,
    "y": 385.203125,
    "width": 340.40625,
    "height": 194,
    "top": 385.203125,
    "right": 365.203125,
    "bottom": 579.203125,
    "left": 24.796875
  },
  "areaRect": {
    "x": 0,
    "y": 365.40625,
    "width": 390,
    "height": 298.59375,
    "top": 365.40625,
    "right": 390,
    "bottom": 664,
    "left": 0
  },
  "inputRect": {
    "x": 25.796875,
    "y": 386.203125,
    "width": 127.546875,
    "height": 192,
    "top": 386.203125,
    "right": 153.34375,
    "bottom": 578.203125,
    "left": 25.796875
  },
  "imageRect": {
    "x": 0,
    "y": 0,
    "width": 0,
    "height": 0,
    "top": 0,
    "right": 0,
    "bottom": 0,
    "left": 0
  },
  "sendRect": {
    "x": 312.203125,
    "y": 526.203125,
    "width": 40,
    "height": 40,
    "top": 526.203125,
    "right": 352.203125,
    "bottom": 566.203125,
    "left": 312.203125
  },
  "voiceInRect": {
    "x": 267.40625,
    "y": 527.796875,
    "width": 36.796875,
    "height": 36.796875,
    "top": 527.796875,
    "right": 304.203125,
    "bottom": 564.59375,
    "left": 267.40625
  },
  "voiceOutRect": {
    "x": 222.609375,
    "y": 527.796875,
    "width": 36.796875,
    "height": 36.796875,
    "top": 527.796875,
    "right": 259.40625,
    "bottom": 564.59375,
    "left": 222.609375
  },
  "inputValueLength": 166,
  "inputClientHeight": 192,
  "inputScrollHeight": 366
}