{
  "viewport": {
    "width": 390,
    "height": 664
  },
  "inputStyle": {
    "minHeight": "52px",
    "paddingLeft": "14px",
    "paddingRight": "4px",
    "paddingTop": "12.8px",
    "paddingBottom": "12.8px",
    "lineHeight": "24px",
    "fontSize": "16px"
  },
  "shellRect": {
    "x": 24.796875,
    "y": 398.40625,
    "width": 340.40625,
    "height": 180.796875,
    "top": 398.40625,
    "right": 365.203125,
    "bottom": 579.203125,
    "left": 24.796875
  },
  "areaRect": {
    "x": 0,
    "y": 378.609375,
    "width": 390,
    "height": 285.390625,
    "top": 378.609375,
    "right": 390,
    "bottom": 664,
    "left": 0
  },
  "inputRect": {
    "x": 31.390625,
    "y": 403.40625,
    "width": 248.046875,
    "height": 170,
    "top": 403.40625,
    "right": 279.4375,
    "bottom": 573.40625,
    "left": 31.390625
  },
  "imageRect": {
    "x": 0,
    "y": 0,
    "width": 0,
    "height": 0,
    "top": 0,
    "right": 0,
    "bottom": 0,
    "left": 0
  },
  "sendRect": {
    "x": 320.21875,
    "y": 534.21875,
    "width": 37.59375,
    "height": 37.59375,
    "top": 534.21875,
    "right": 357.8125,
    "bottom": 571.8125,
    "left": 320.21875
  },
  "voiceInRect": {
    "x": 284.234375,
    "y": 537.421875,
    "width": 31.1875,
    "height": 31.1875,
    "top": 537.421875,
    "right": 315.421875,
    "bottom": 568.609375,
    "left": 284.234375
  },
  "voiceOutRect": {
    "x": 0,
    "y": 0,
    "width": 0,
    "height": 0,
    "top": 0,
    "right": 0,
    "bottom": 0,
    "left": 0
  },
  "counterDisplay": "none",
  "voiceOutDisplay": "none",
  "inputValueLength": 166,
  "inputClientHeight": 170,
  "inputScrollHeight": 170
}